,t,dv,mice,session,group
0,0,0.5,PSAM_9,Goals4,vehicle
1,1,0.6388888888888888,PSAM_9,Goals4,vehicle
2,2,0.6666666666666666,PSAM_9,Goals4,vehicle
3,3,0.6944444444444444,PSAM_9,Goals4,vehicle
4,4,0.6388888888888888,PSAM_9,Goals4,vehicle
5,5,0.6944444444444444,PSAM_9,Goals4,vehicle
6,6,0.7222222222222222,PSAM_9,Goals4,vehicle
7,7,0.6944444444444444,PSAM_9,Goals4,vehicle
8,8,0.6388888888888888,PSAM_9,Goals4,vehicle
9,9,0.6666666666666666,PSAM_9,Goals4,vehicle
10,10,0.8333333333333334,PSAM_9,Goals4,vehicle
11,11,0.9166666666666666,PSAM_9,Goals4,vehicle
12,12,0.8611111111111112,PSAM_9,Goals4,vehicle
13,13,0.8611111111111112,PSAM_9,Goals4,vehicle
14,14,0.8333333333333334,PSAM_9,Goals4,vehicle
15,15,0.8888888888888888,PSAM_9,Goals4,vehicle
16,16,0.8888888888888888,PSAM_9,Goals4,vehicle
17,17,0.8611111111111112,PSAM_9,Goals4,vehicle
18,18,0.8333333333333334,PSAM_9,Goals4,vehicle
19,19,0.8333333333333334,PSAM_9,Goals4,vehicle
20,20,0.9166666666666666,PSAM_9,Goals4,vehicle
21,21,0.9444444444444444,PSAM_9,Goals4,vehicle
22,22,0.9722222222222222,PSAM_9,Goals4,vehicle
23,23,0.9722222222222222,PSAM_9,Goals4,vehicle
24,0,0.7222222222222222,PSAM_11,Goals4,vehicle
25,1,0.7222222222222222,PSAM_11,Goals4,vehicle
26,2,0.8055555555555556,PSAM_11,Goals4,vehicle
27,3,0.8333333333333334,PSAM_11,Goals4,vehicle
28,4,0.8333333333333334,PSAM_11,Goals4,vehicle
29,5,0.8611111111111112,PSAM_11,Goals4,vehicle
30,6,0.9166666666666666,PSAM_11,Goals4,vehicle
31,7,0.9444444444444444,PSAM_11,Goals4,vehicle
32,8,0.8888888888888888,PSAM_11,Goals4,vehicle
33,9,0.8611111111111112,PSAM_11,Goals4,vehicle
34,10,0.8333333333333334,PSAM_11,Goals4,vehicle
35,11,0.8611111111111112,PSAM_11,Goals4,vehicle
36,12,0.8888888888888888,PSAM_11,Goals4,vehicle
37,13,0.9166666666666666,PSAM_11,Goals4,vehicle
38,14,0.8333333333333334,PSAM_11,Goals4,vehicle
39,15,0.8611111111111112,PSAM_11,Goals4,vehicle
40,16,0.8611111111111112,PSAM_11,Goals4,vehicle
41,17,0.9722222222222222,PSAM_11,Goals4,vehicle
42,18,0.9444444444444444,PSAM_11,Goals4,vehicle
43,19,0.9722222222222222,PSAM_11,Goals4,vehicle
44,20,0.9444444444444444,PSAM_11,Goals4,vehicle
45,21,0.9444444444444444,PSAM_11,Goals4,vehicle
46,22,0.9166666666666666,PSAM_11,Goals4,vehicle
47,23,0.9444444444444444,PSAM_11,Goals4,vehicle
48,24,0.9444444444444444,PSAM_11,Goals4,vehicle
49,25,0.9166666666666666,PSAM_11,Goals4,vehicle
50,26,0.8611111111111112,PSAM_11,Goals4,vehicle
51,27,0.8055555555555556,PSAM_11,Goals4,vehicle
52,28,0.8611111111111112,PSAM_11,Goals4,vehicle
53,29,0.9166666666666666,PSAM_11,Goals4,vehicle
54,30,1.0,PSAM_11,Goals4,vehicle
55,31,0.9722222222222222,PSAM_11,Goals4,vehicle
56,32,0.9722222222222222,PSAM_11,Goals4,vehicle
57,33,0.9444444444444444,PSAM_11,Goals4,vehicle
58,34,0.9444444444444444,PSAM_11,Goals4,vehicle
59,35,0.8888888888888888,PSAM_11,Goals4,vehicle
60,36,0.9166666666666666,PSAM_11,Goals4,vehicle
61,37,0.8888888888888888,PSAM_11,Goals4,vehicle
62,38,0.9166666666666666,PSAM_11,Goals4,vehicle
63,0,0.6944444444444444,PSAM_12,Goals4,vehicle
64,1,0.75,PSAM_12,Goals4,vehicle
65,2,0.7777777777777778,PSAM_12,Goals4,vehicle
66,3,0.7777777777777778,PSAM_12,Goals4,vehicle
67,4,0.75,PSAM_12,Goals4,vehicle
68,5,0.8333333333333334,PSAM_12,Goals4,vehicle
69,6,0.8611111111111112,PSAM_12,Goals4,vehicle
70,7,0.8888888888888888,PSAM_12,Goals4,vehicle
71,8,0.8611111111111112,PSAM_12,Goals4,vehicle
72,9,0.8888888888888888,PSAM_12,Goals4,vehicle
73,10,0.8888888888888888,PSAM_12,Goals4,vehicle
74,11,0.8333333333333334,PSAM_12,Goals4,vehicle
75,12,0.8055555555555556,PSAM_12,Goals4,vehicle
76,13,0.8333333333333334,PSAM_12,Goals4,vehicle
77,14,0.8611111111111112,PSAM_12,Goals4,vehicle
78,15,0.8888888888888888,PSAM_12,Goals4,vehicle
79,16,0.8333333333333334,PSAM_12,Goals4,vehicle
80,17,0.8611111111111112,PSAM_12,Goals4,vehicle
81,18,0.8611111111111112,PSAM_12,Goals4,vehicle
82,19,0.8888888888888888,PSAM_12,Goals4,vehicle
83,20,0.8055555555555556,PSAM_12,Goals4,vehicle
84,21,0.7777777777777778,PSAM_12,Goals4,vehicle
85,22,0.7777777777777778,PSAM_12,Goals4,vehicle
86,23,0.8611111111111112,PSAM_12,Goals4,vehicle
87,24,0.8888888888888888,PSAM_12,Goals4,vehicle
88,25,0.9166666666666666,PSAM_12,Goals4,vehicle
89,26,0.9166666666666666,PSAM_12,Goals4,vehicle
90,27,0.8888888888888888,PSAM_12,Goals4,vehicle
91,28,0.9166666666666666,PSAM_12,Goals4,vehicle
92,29,0.9166666666666666,PSAM_12,Goals4,vehicle
93,30,0.9722222222222222,PSAM_12,Goals4,vehicle
94,31,0.9166666666666666,PSAM_12,Goals4,vehicle
95,32,0.9444444444444444,PSAM_12,Goals4,vehicle
96,33,0.9444444444444444,PSAM_12,Goals4,vehicle
97,0,0.4444444444444444,PSAM_14,Goals4,vehicle
98,1,0.4722222222222222,PSAM_14,Goals4,vehicle
99,2,0.5277777777777778,PSAM_14,Goals4,vehicle
100,3,0.5555555555555556,PSAM_14,Goals4,vehicle
101,4,0.6944444444444444,PSAM_14,Goals4,vehicle
102,5,0.7777777777777778,PSAM_14,Goals4,vehicle
103,6,0.7777777777777778,PSAM_14,Goals4,vehicle
104,7,0.75,PSAM_14,Goals4,vehicle
105,8,0.7222222222222222,PSAM_14,Goals4,vehicle
106,9,0.7222222222222222,PSAM_14,Goals4,vehicle
107,10,0.7777777777777778,PSAM_14,Goals4,vehicle
108,11,0.8333333333333334,PSAM_14,Goals4,vehicle
109,12,0.8888888888888888,PSAM_14,Goals4,vehicle
110,0,0.5,PSAM_16,Goals4,vehicle
111,1,0.4166666666666667,PSAM_16,Goals4,vehicle
112,2,0.4722222222222222,PSAM_16,Goals4,vehicle
113,3,0.4722222222222222,PSAM_16,Goals4,vehicle
114,4,0.3888888888888889,PSAM_16,Goals4,vehicle
115,5,0.3611111111111111,PSAM_16,Goals4,vehicle
116,6,0.4722222222222222,PSAM_16,Goals4,vehicle
117,7,0.6388888888888888,PSAM_16,Goals4,vehicle
118,8,0.7777777777777778,PSAM_16,Goals4,vehicle
119,9,0.6944444444444444,PSAM_16,Goals4,vehicle
120,10,0.6944444444444444,PSAM_16,Goals4,vehicle
121,11,0.5277777777777778,PSAM_16,Goals4,vehicle
122,12,0.5555555555555556,PSAM_16,Goals4,vehicle
123,13,0.6388888888888888,PSAM_16,Goals4,vehicle
124,14,0.75,PSAM_16,Goals4,vehicle
125,15,0.75,PSAM_16,Goals4,vehicle
126,16,0.7222222222222222,PSAM_16,Goals4,vehicle
127,17,0.75,PSAM_16,Goals4,vehicle
128,18,0.8333333333333334,PSAM_16,Goals4,vehicle
129,19,0.8333333333333334,PSAM_16,Goals4,vehicle
130,20,0.8611111111111112,PSAM_16,Goals4,vehicle
131,21,0.8888888888888888,PSAM_16,Goals4,vehicle
132,22,0.8611111111111112,PSAM_16,Goals4,vehicle
133,23,0.8055555555555556,PSAM_16,Goals4,vehicle
134,24,0.7777777777777778,PSAM_16,Goals4,vehicle
135,25,0.8611111111111112,PSAM_16,Goals4,vehicle
136,26,0.9166666666666666,PSAM_16,Goals4,vehicle
137,27,0.9444444444444444,PSAM_16,Goals4,vehicle
138,28,0.9444444444444444,PSAM_16,Goals4,vehicle
139,29,0.9722222222222222,PSAM_16,Goals4,vehicle
140,30,1.0,PSAM_16,Goals4,vehicle
141,31,1.0,PSAM_16,Goals4,vehicle
142,32,1.0,PSAM_16,Goals4,vehicle
143,33,0.9722222222222222,PSAM_16,Goals4,vehicle
144,34,0.8888888888888888,PSAM_16,Goals4,vehicle
145,35,0.8888888888888888,PSAM_16,Goals4,vehicle
146,36,0.8333333333333334,PSAM_16,Goals4,vehicle
147,37,0.8611111111111112,PSAM_16,Goals4,vehicle
148,38,0.8611111111111112,PSAM_16,Goals4,vehicle
149,39,0.9166666666666666,PSAM_16,Goals4,vehicle
150,40,0.9166666666666666,PSAM_16,Goals4,vehicle
151,0,0.3888888888888889,PSAM_21,Goals4,vehicle
152,1,0.4444444444444444,PSAM_21,Goals4,vehicle
153,2,0.4166666666666667,PSAM_21,Goals4,vehicle
154,3,0.5277777777777778,PSAM_21,Goals4,vehicle
155,4,0.6111111111111112,PSAM_21,Goals4,vehicle
156,5,0.6388888888888888,PSAM_21,Goals4,vehicle
157,6,0.6666666666666666,PSAM_21,Goals4,vehicle
158,7,0.6944444444444444,PSAM_21,Goals4,vehicle
159,8,0.8055555555555556,PSAM_21,Goals4,vehicle
160,9,0.8055555555555556,PSAM_21,Goals4,vehicle
161,10,0.8611111111111112,PSAM_21,Goals4,vehicle
162,11,0.8055555555555556,PSAM_21,Goals4,vehicle
163,12,0.8055555555555556,PSAM_21,Goals4,vehicle
164,13,0.8333333333333334,PSAM_21,Goals4,vehicle
165,14,0.8888888888888888,PSAM_21,Goals4,vehicle
166,15,0.9722222222222222,PSAM_21,Goals4,vehicle
167,16,0.9166666666666666,PSAM_21,Goals4,vehicle
168,17,0.9166666666666666,PSAM_21,Goals4,vehicle
169,18,0.9166666666666666,PSAM_21,Goals4,vehicle
170,19,0.8611111111111112,PSAM_21,Goals4,vehicle
171,20,0.8333333333333334,PSAM_21,Goals4,vehicle
172,21,0.8333333333333334,PSAM_21,Goals4,vehicle
173,22,0.9444444444444444,PSAM_21,Goals4,vehicle
174,23,1.0,PSAM_21,Goals4,vehicle
175,24,1.0,PSAM_21,Goals4,vehicle
176,25,1.0,PSAM_21,Goals4,vehicle
177,26,1.0,PSAM_21,Goals4,vehicle
178,27,1.0,PSAM_21,Goals4,vehicle
179,28,0.9444444444444444,PSAM_21,Goals4,vehicle
180,0,0.6111111111111112,PSAM_22,Goals4,vehicle
181,1,0.6666666666666666,PSAM_22,Goals4,vehicle
182,2,0.7777777777777778,PSAM_22,Goals4,vehicle
183,3,0.9166666666666666,PSAM_22,Goals4,vehicle
184,4,0.9444444444444444,PSAM_22,Goals4,vehicle
185,5,0.9722222222222222,PSAM_22,Goals4,vehicle
186,6,0.9722222222222222,PSAM_22,Goals4,vehicle
187,7,0.9444444444444444,PSAM_22,Goals4,vehicle
188,8,0.9444444444444444,PSAM_22,Goals4,vehicle
189,9,0.9444444444444444,PSAM_22,Goals4,vehicle
190,10,0.9722222222222222,PSAM_22,Goals4,vehicle
191,11,0.9722222222222222,PSAM_22,Goals4,vehicle
192,12,1.0,PSAM_22,Goals4,vehicle
193,13,1.0,PSAM_22,Goals4,vehicle
194,14,1.0,PSAM_22,Goals4,vehicle
195,15,1.0,PSAM_22,Goals4,vehicle
196,16,1.0,PSAM_22,Goals4,vehicle
197,17,0.9722222222222222,PSAM_22,Goals4,vehicle
198,18,0.9722222222222222,PSAM_22,Goals4,vehicle
199,19,0.9722222222222222,PSAM_22,Goals4,vehicle
200,20,1.0,PSAM_22,Goals4,vehicle
201,21,1.0,PSAM_22,Goals4,vehicle
202,22,1.0,PSAM_22,Goals4,vehicle
203,23,1.0,PSAM_22,Goals4,vehicle
204,24,1.0,PSAM_22,Goals4,vehicle
205,25,1.0,PSAM_22,Goals4,vehicle
206,26,1.0,PSAM_22,Goals4,vehicle
207,27,1.0,PSAM_22,Goals4,vehicle
208,28,1.0,PSAM_22,Goals4,vehicle
209,29,1.0,PSAM_22,Goals4,vehicle
210,30,1.0,PSAM_22,Goals4,vehicle
211,31,1.0,PSAM_22,Goals4,vehicle
212,32,1.0,PSAM_22,Goals4,vehicle
213,33,1.0,PSAM_22,Goals4,vehicle
214,34,0.9722222222222222,PSAM_22,Goals4,vehicle
215,35,0.9166666666666666,PSAM_22,Goals4,vehicle
216,36,0.8888888888888888,PSAM_22,Goals4,vehicle
217,37,0.9166666666666666,PSAM_22,Goals4,vehicle
218,38,0.9722222222222222,PSAM_22,Goals4,vehicle
219,39,0.9722222222222222,PSAM_22,Goals4,vehicle
220,40,0.9444444444444444,PSAM_22,Goals4,vehicle
221,41,0.9444444444444444,PSAM_22,Goals4,vehicle
222,42,0.9722222222222222,PSAM_22,Goals4,vehicle
223,43,1.0,PSAM_22,Goals4,vehicle
224,44,1.0,PSAM_22,Goals4,vehicle
225,45,1.0,PSAM_22,Goals4,vehicle
226,46,1.0,PSAM_22,Goals4,vehicle
227,47,1.0,PSAM_22,Goals4,vehicle
228,48,1.0,PSAM_22,Goals4,vehicle
229,49,1.0,PSAM_22,Goals4,vehicle
230,50,1.0,PSAM_22,Goals4,vehicle
231,51,1.0,PSAM_22,Goals4,vehicle
232,52,1.0,PSAM_22,Goals4,vehicle
233,53,1.0,PSAM_22,Goals4,vehicle
234,54,1.0,PSAM_22,Goals4,vehicle
235,55,1.0,PSAM_22,Goals4,vehicle
236,56,1.0,PSAM_22,Goals4,vehicle
237,57,0.9722222222222222,PSAM_22,Goals4,vehicle
238,58,0.9722222222222222,PSAM_22,Goals4,vehicle
239,59,0.9722222222222222,PSAM_22,Goals4,vehicle
240,60,0.9722222222222222,PSAM_22,Goals4,vehicle
241,61,0.9722222222222222,PSAM_22,Goals4,vehicle
242,0,0.4166666666666667,PSAM_23,Goals4,vehicle
243,1,0.5555555555555556,PSAM_23,Goals4,vehicle
244,2,0.6666666666666666,PSAM_23,Goals4,vehicle
245,3,0.8333333333333334,PSAM_23,Goals4,vehicle
246,4,0.8333333333333334,PSAM_23,Goals4,vehicle
247,5,0.8888888888888888,PSAM_23,Goals4,vehicle
248,6,0.8888888888888888,PSAM_23,Goals4,vehicle
249,7,0.9444444444444444,PSAM_23,Goals4,vehicle
250,8,0.9722222222222222,PSAM_23,Goals4,vehicle
251,9,1.0,PSAM_23,Goals4,vehicle
252,10,1.0,PSAM_23,Goals4,vehicle
253,11,1.0,PSAM_23,Goals4,vehicle
254,12,1.0,PSAM_23,Goals4,vehicle
255,13,1.0,PSAM_23,Goals4,vehicle
256,14,1.0,PSAM_23,Goals4,vehicle
257,15,0.9444444444444444,PSAM_23,Goals4,vehicle
258,16,0.8888888888888888,PSAM_23,Goals4,vehicle
259,17,0.8888888888888888,PSAM_23,Goals4,vehicle
260,18,0.9444444444444444,PSAM_23,Goals4,vehicle
261,19,1.0,PSAM_23,Goals4,vehicle
262,20,1.0,PSAM_23,Goals4,vehicle
263,21,1.0,PSAM_23,Goals4,vehicle
264,22,0.9722222222222222,PSAM_23,Goals4,vehicle
265,23,0.9444444444444444,PSAM_23,Goals4,vehicle
266,24,0.9166666666666666,PSAM_23,Goals4,vehicle
267,25,0.9166666666666666,PSAM_23,Goals4,vehicle
268,26,0.9444444444444444,PSAM_23,Goals4,vehicle
269,27,0.9444444444444444,PSAM_23,Goals4,vehicle
270,28,0.8888888888888888,PSAM_23,Goals4,vehicle
271,29,0.8611111111111112,PSAM_23,Goals4,vehicle
272,30,0.8888888888888888,PSAM_23,Goals4,vehicle
273,31,0.9444444444444444,PSAM_23,Goals4,vehicle
274,32,0.9166666666666666,PSAM_23,Goals4,vehicle
275,33,0.8055555555555556,PSAM_23,Goals4,vehicle
276,34,0.8333333333333334,PSAM_23,Goals4,vehicle
277,35,0.8611111111111112,PSAM_23,Goals4,vehicle
278,36,0.9166666666666666,PSAM_23,Goals4,vehicle
279,37,0.9166666666666666,PSAM_23,Goals4,vehicle
280,38,0.9166666666666666,PSAM_23,Goals4,vehicle
281,39,0.9722222222222222,PSAM_23,Goals4,vehicle
282,40,0.9722222222222222,PSAM_23,Goals4,vehicle
283,41,1.0,PSAM_23,Goals4,vehicle
284,42,0.9722222222222222,PSAM_23,Goals4,vehicle
285,43,0.9444444444444444,PSAM_23,Goals4,vehicle
286,44,0.9444444444444444,PSAM_23,Goals4,vehicle
287,45,0.9722222222222222,PSAM_23,Goals4,vehicle
288,46,1.0,PSAM_23,Goals4,vehicle
289,47,1.0,PSAM_23,Goals4,vehicle
290,48,1.0,PSAM_23,Goals4,vehicle
291,49,1.0,PSAM_23,Goals4,vehicle
292,50,1.0,PSAM_23,Goals4,vehicle
293,51,0.9166666666666666,PSAM_23,Goals4,vehicle
294,52,0.9166666666666666,PSAM_23,Goals4,vehicle
295,53,0.9166666666666666,PSAM_23,Goals4,vehicle
296,54,0.9166666666666666,PSAM_23,Goals4,vehicle
297,55,0.9166666666666666,PSAM_23,Goals4,vehicle
298,56,0.8611111111111112,PSAM_23,Goals4,vehicle
299,57,0.9444444444444444,PSAM_23,Goals4,vehicle
300,58,0.8888888888888888,PSAM_23,Goals4,vehicle
301,59,0.9444444444444444,PSAM_23,Goals4,vehicle
302,60,0.8611111111111112,PSAM_23,Goals4,vehicle
303,61,0.9166666666666666,PSAM_23,Goals4,vehicle
304,62,0.9166666666666666,PSAM_23,Goals4,vehicle
305,63,0.9722222222222222,PSAM_23,Goals4,vehicle
306,64,0.9444444444444444,PSAM_23,Goals4,vehicle
307,0,0.75,PSAM_7,Goals4,PSEM
308,1,0.8333333333333334,PSAM_7,Goals4,PSEM
309,2,0.7777777777777778,PSAM_7,Goals4,PSEM
310,3,0.7222222222222222,PSAM_7,Goals4,PSEM
311,4,0.7777777777777778,PSAM_7,Goals4,PSEM
312,5,0.7777777777777778,PSAM_7,Goals4,PSEM
313,6,0.8055555555555556,PSAM_7,Goals4,PSEM
314,7,0.8055555555555556,PSAM_7,Goals4,PSEM
315,8,0.8055555555555556,PSAM_7,Goals4,PSEM
316,9,0.8333333333333334,PSAM_7,Goals4,PSEM
317,10,0.8888888888888888,PSAM_7,Goals4,PSEM
318,11,0.9722222222222222,PSAM_7,Goals4,PSEM
319,12,1.0,PSAM_7,Goals4,PSEM
320,13,1.0,PSAM_7,Goals4,PSEM
321,14,0.9722222222222222,PSAM_7,Goals4,PSEM
322,15,0.9722222222222222,PSAM_7,Goals4,PSEM
323,16,0.9722222222222222,PSAM_7,Goals4,PSEM
324,17,1.0,PSAM_7,Goals4,PSEM
325,18,1.0,PSAM_7,Goals4,PSEM
326,19,1.0,PSAM_7,Goals4,PSEM
327,20,1.0,PSAM_7,Goals4,PSEM
328,21,0.9722222222222222,PSAM_7,Goals4,PSEM
329,22,0.9722222222222222,PSAM_7,Goals4,PSEM
330,23,0.9444444444444444,PSAM_7,Goals4,PSEM
331,24,0.9444444444444444,PSAM_7,Goals4,PSEM
332,25,0.9166666666666666,PSAM_7,Goals4,PSEM
333,26,0.9444444444444444,PSAM_7,Goals4,PSEM
334,27,0.9166666666666666,PSAM_7,Goals4,PSEM
335,28,0.9444444444444444,PSAM_7,Goals4,PSEM
336,29,0.9166666666666666,PSAM_7,Goals4,PSEM
337,30,0.9722222222222222,PSAM_7,Goals4,PSEM
338,31,0.9444444444444444,PSAM_7,Goals4,PSEM
339,32,0.9444444444444444,PSAM_7,Goals4,PSEM
340,33,0.9444444444444444,PSAM_7,Goals4,PSEM
341,0,0.7222222222222222,PSAM_10,Goals4,PSEM
342,1,0.7777777777777778,PSAM_10,Goals4,PSEM
343,2,0.8055555555555556,PSAM_10,Goals4,PSEM
344,3,0.8333333333333334,PSAM_10,Goals4,PSEM
345,4,0.8611111111111112,PSAM_10,Goals4,PSEM
346,5,0.8888888888888888,PSAM_10,Goals4,PSEM
347,6,0.9166666666666666,PSAM_10,Goals4,PSEM
348,7,0.8888888888888888,PSAM_10,Goals4,PSEM
349,8,0.9166666666666666,PSAM_10,Goals4,PSEM
350,9,0.8888888888888888,PSAM_10,Goals4,PSEM
351,10,0.9166666666666666,PSAM_10,Goals4,PSEM
352,11,0.8888888888888888,PSAM_10,Goals4,PSEM
353,12,0.9444444444444444,PSAM_10,Goals4,PSEM
354,13,0.9444444444444444,PSAM_10,Goals4,PSEM
355,14,0.9444444444444444,PSAM_10,Goals4,PSEM
356,15,0.9444444444444444,PSAM_10,Goals4,PSEM
357,16,0.9444444444444444,PSAM_10,Goals4,PSEM
358,17,0.9722222222222222,PSAM_10,Goals4,PSEM
359,18,0.9722222222222222,PSAM_10,Goals4,PSEM
360,19,0.9722222222222222,PSAM_10,Goals4,PSEM
361,20,0.9722222222222222,PSAM_10,Goals4,PSEM
362,21,0.9722222222222222,PSAM_10,Goals4,PSEM
363,22,0.9722222222222222,PSAM_10,Goals4,PSEM
364,23,0.9722222222222222,PSAM_10,Goals4,PSEM
365,24,0.9722222222222222,PSAM_10,Goals4,PSEM
366,25,1.0,PSAM_10,Goals4,PSEM
367,26,1.0,PSAM_10,Goals4,PSEM
368,27,0.9722222222222222,PSAM_10,Goals4,PSEM
369,28,0.9444444444444444,PSAM_10,Goals4,PSEM
370,29,0.9444444444444444,PSAM_10,Goals4,PSEM
371,30,0.9722222222222222,PSAM_10,Goals4,PSEM
372,31,0.9722222222222222,PSAM_10,Goals4,PSEM
373,32,0.9722222222222222,PSAM_10,Goals4,PSEM
374,33,0.9722222222222222,PSAM_10,Goals4,PSEM
375,34,0.9444444444444444,PSAM_10,Goals4,PSEM
376,35,0.9444444444444444,PSAM_10,Goals4,PSEM
377,0,0.16666666666666666,PSAM_17,Goals4,PSEM
378,1,0.2222222222222222,PSAM_17,Goals4,PSEM
379,2,0.3333333333333333,PSAM_17,Goals4,PSEM
380,3,0.3055555555555556,PSAM_17,Goals4,PSEM
381,4,0.3333333333333333,PSAM_17,Goals4,PSEM
382,5,0.4444444444444444,PSAM_17,Goals4,PSEM
383,6,0.6388888888888888,PSAM_17,Goals4,PSEM
384,7,0.6111111111111112,PSAM_17,Goals4,PSEM
385,8,0.5277777777777778,PSAM_17,Goals4,PSEM
386,9,0.5555555555555556,PSAM_17,Goals4,PSEM
387,10,0.4722222222222222,PSAM_17,Goals4,PSEM
388,0,0.75,PSAM_19,Goals4,PSEM
389,1,0.6388888888888888,PSAM_19,Goals4,PSEM
390,2,0.6111111111111112,PSAM_19,Goals4,PSEM
391,3,0.6666666666666666,PSAM_19,Goals4,PSEM
392,4,0.75,PSAM_19,Goals4,PSEM
393,5,0.8333333333333334,PSAM_19,Goals4,PSEM
394,6,0.9166666666666666,PSAM_19,Goals4,PSEM
395,7,0.9166666666666666,PSAM_19,Goals4,PSEM
396,8,0.8611111111111112,PSAM_19,Goals4,PSEM
397,9,0.7777777777777778,PSAM_19,Goals4,PSEM
398,10,0.8333333333333334,PSAM_19,Goals4,PSEM
399,11,0.8888888888888888,PSAM_19,Goals4,PSEM
400,12,0.9722222222222222,PSAM_19,Goals4,PSEM
401,13,0.9722222222222222,PSAM_19,Goals4,PSEM
402,14,0.9444444444444444,PSAM_19,Goals4,PSEM
403,15,0.9444444444444444,PSAM_19,Goals4,PSEM
404,16,0.9722222222222222,PSAM_19,Goals4,PSEM
405,17,0.9722222222222222,PSAM_19,Goals4,PSEM
406,18,0.9722222222222222,PSAM_19,Goals4,PSEM
407,19,0.9444444444444444,PSAM_19,Goals4,PSEM
408,20,0.9444444444444444,PSAM_19,Goals4,PSEM
409,21,0.8611111111111112,PSAM_19,Goals4,PSEM
410,22,0.8333333333333334,PSAM_19,Goals4,PSEM
411,23,0.8055555555555556,PSAM_19,Goals4,PSEM
412,24,0.8611111111111112,PSAM_19,Goals4,PSEM
413,25,0.8888888888888888,PSAM_19,Goals4,PSEM
414,26,0.9444444444444444,PSAM_19,Goals4,PSEM
415,27,0.9722222222222222,PSAM_19,Goals4,PSEM
416,28,1.0,PSAM_19,Goals4,PSEM
417,29,0.9722222222222222,PSAM_19,Goals4,PSEM
418,30,0.9722222222222222,PSAM_19,Goals4,PSEM
419,31,0.9166666666666666,PSAM_19,Goals4,PSEM
420,32,0.9444444444444444,PSAM_19,Goals4,PSEM
421,33,0.9444444444444444,PSAM_19,Goals4,PSEM
422,34,1.0,PSAM_19,Goals4,PSEM
423,35,0.9722222222222222,PSAM_19,Goals4,PSEM
424,36,0.9722222222222222,PSAM_19,Goals4,PSEM
425,37,0.9722222222222222,PSAM_19,Goals4,PSEM
426,38,1.0,PSAM_19,Goals4,PSEM
427,39,1.0,PSAM_19,Goals4,PSEM
428,40,1.0,PSAM_19,Goals4,PSEM
429,41,0.9722222222222222,PSAM_19,Goals4,PSEM
430,42,0.9722222222222222,PSAM_19,Goals4,PSEM
431,43,0.9722222222222222,PSAM_19,Goals4,PSEM
432,44,0.9444444444444444,PSAM_19,Goals4,PSEM
433,45,0.9166666666666666,PSAM_19,Goals4,PSEM
434,46,0.8888888888888888,PSAM_19,Goals4,PSEM
435,47,0.8888888888888888,PSAM_19,Goals4,PSEM
436,48,0.8888888888888888,PSAM_19,Goals4,PSEM
437,49,0.8888888888888888,PSAM_19,Goals4,PSEM
438,50,0.9166666666666666,PSAM_19,Goals4,PSEM
439,51,0.9444444444444444,PSAM_19,Goals4,PSEM
440,52,0.9444444444444444,PSAM_19,Goals4,PSEM
441,53,0.9722222222222222,PSAM_19,Goals4,PSEM
442,54,0.8888888888888888,PSAM_19,Goals4,PSEM
443,55,0.8055555555555556,PSAM_19,Goals4,PSEM
444,56,0.7777777777777778,PSAM_19,Goals4,PSEM
445,57,0.8055555555555556,PSAM_19,Goals4,PSEM
446,58,0.9166666666666666,PSAM_19,Goals4,PSEM
447,59,0.9166666666666666,PSAM_19,Goals4,PSEM
448,60,0.9444444444444444,PSAM_19,Goals4,PSEM
449,0,0.19444444444444445,PSAM_20,Goals4,PSEM
450,1,0.19444444444444445,PSAM_20,Goals4,PSEM
451,2,0.3888888888888889,PSAM_20,Goals4,PSEM
452,3,0.4444444444444444,PSAM_20,Goals4,PSEM
453,4,0.5,PSAM_20,Goals4,PSEM
454,5,0.4166666666666667,PSAM_20,Goals4,PSEM
455,6,0.3611111111111111,PSAM_20,Goals4,PSEM
456,7,0.3888888888888889,PSAM_20,Goals4,PSEM
457,8,0.4166666666666667,PSAM_20,Goals4,PSEM
458,9,0.5277777777777778,PSAM_20,Goals4,PSEM
459,10,0.5277777777777778,PSAM_20,Goals4,PSEM
460,11,0.5277777777777778,PSAM_20,Goals4,PSEM
461,12,0.5,PSAM_20,Goals4,PSEM
462,13,0.5277777777777778,PSAM_20,Goals4,PSEM
463,14,0.5277777777777778,PSAM_20,Goals4,PSEM
464,15,0.5555555555555556,PSAM_20,Goals4,PSEM
465,16,0.4722222222222222,PSAM_20,Goals4,PSEM
466,17,0.5833333333333334,PSAM_20,Goals4,PSEM
467,18,0.5555555555555556,PSAM_20,Goals4,PSEM
468,19,0.6388888888888888,PSAM_20,Goals4,PSEM
469,20,0.5555555555555556,PSAM_20,Goals4,PSEM
470,21,0.5833333333333334,PSAM_20,Goals4,PSEM
471,22,0.6666666666666666,PSAM_20,Goals4,PSEM
472,0,0.5,PSAM_24,Goals4,PSEM
473,1,0.6111111111111112,PSAM_24,Goals4,PSEM
474,2,0.7222222222222222,PSAM_24,Goals4,PSEM
475,3,0.8055555555555556,PSAM_24,Goals4,PSEM
476,4,0.8611111111111112,PSAM_24,Goals4,PSEM
477,5,0.8888888888888888,PSAM_24,Goals4,PSEM
478,6,0.9166666666666666,PSAM_24,Goals4,PSEM
479,7,0.9444444444444444,PSAM_24,Goals4,PSEM
480,8,0.9722222222222222,PSAM_24,Goals4,PSEM
481,9,0.9722222222222222,PSAM_24,Goals4,PSEM
482,10,0.9722222222222222,PSAM_24,Goals4,PSEM
483,11,0.9722222222222222,PSAM_24,Goals4,PSEM
484,12,0.9722222222222222,PSAM_24,Goals4,PSEM
485,13,0.9722222222222222,PSAM_24,Goals4,PSEM
486,14,0.9722222222222222,PSAM_24,Goals4,PSEM
487,15,0.9722222222222222,PSAM_24,Goals4,PSEM
488,16,0.9722222222222222,PSAM_24,Goals4,PSEM
489,17,0.9444444444444444,PSAM_24,Goals4,PSEM
490,18,0.9166666666666666,PSAM_24,Goals4,PSEM
491,19,0.8888888888888888,PSAM_24,Goals4,PSEM
492,20,0.8888888888888888,PSAM_24,Goals4,PSEM
493,21,0.8888888888888888,PSAM_24,Goals4,PSEM
494,22,0.8888888888888888,PSAM_24,Goals4,PSEM
495,23,0.8888888888888888,PSAM_24,Goals4,PSEM
496,24,0.9166666666666666,PSAM_24,Goals4,PSEM
497,25,0.9166666666666666,PSAM_24,Goals4,PSEM
498,26,0.9444444444444444,PSAM_24,Goals4,PSEM
499,27,0.9166666666666666,PSAM_24,Goals4,PSEM
500,28,0.9444444444444444,PSAM_24,Goals4,PSEM
501,29,0.9444444444444444,PSAM_24,Goals4,PSEM
502,30,0.9444444444444444,PSAM_24,Goals4,PSEM
503,31,0.9444444444444444,PSAM_24,Goals4,PSEM
504,32,0.9722222222222222,PSAM_24,Goals4,PSEM
505,33,1.0,PSAM_24,Goals4,PSEM
506,34,1.0,PSAM_24,Goals4,PSEM
507,35,0.9722222222222222,PSAM_24,Goals4,PSEM
508,36,0.9722222222222222,PSAM_24,Goals4,PSEM
509,37,0.9444444444444444,PSAM_24,Goals4,PSEM
510,38,0.9722222222222222,PSAM_24,Goals4,PSEM
511,39,0.9444444444444444,PSAM_24,Goals4,PSEM
512,40,0.8888888888888888,PSAM_24,Goals4,PSEM
513,41,0.8611111111111112,PSAM_24,Goals4,PSEM
514,0,0.75,PSAM_25,Goals4,PSEM
515,1,0.8333333333333334,PSAM_25,Goals4,PSEM
516,2,0.9166666666666666,PSAM_25,Goals4,PSEM
517,3,0.9444444444444444,PSAM_25,Goals4,PSEM
518,4,0.9444444444444444,PSAM_25,Goals4,PSEM
519,5,0.9444444444444444,PSAM_25,Goals4,PSEM
520,6,0.9722222222222222,PSAM_25,Goals4,PSEM
521,7,1.0,PSAM_25,Goals4,PSEM
522,8,1.0,PSAM_25,Goals4,PSEM
523,9,0.9444444444444444,PSAM_25,Goals4,PSEM
524,10,0.9444444444444444,PSAM_25,Goals4,PSEM
525,11,0.9444444444444444,PSAM_25,Goals4,PSEM
526,12,1.0,PSAM_25,Goals4,PSEM
527,13,1.0,PSAM_25,Goals4,PSEM
528,14,1.0,PSAM_25,Goals4,PSEM
529,15,1.0,PSAM_25,Goals4,PSEM
530,16,1.0,PSAM_25,Goals4,PSEM
531,17,0.9722222222222222,PSAM_25,Goals4,PSEM
532,18,0.9722222222222222,PSAM_25,Goals4,PSEM
533,19,0.9444444444444444,PSAM_25,Goals4,PSEM
534,20,0.9722222222222222,PSAM_25,Goals4,PSEM
535,21,0.9722222222222222,PSAM_25,Goals4,PSEM
536,22,1.0,PSAM_25,Goals4,PSEM
537,23,1.0,PSAM_25,Goals4,PSEM
538,24,1.0,PSAM_25,Goals4,PSEM
539,25,1.0,PSAM_25,Goals4,PSEM
540,26,1.0,PSAM_25,Goals4,PSEM
541,27,1.0,PSAM_25,Goals4,PSEM
542,28,1.0,PSAM_25,Goals4,PSEM
543,29,1.0,PSAM_25,Goals4,PSEM
544,30,1.0,PSAM_25,Goals4,PSEM
545,31,1.0,PSAM_25,Goals4,PSEM
546,32,1.0,PSAM_25,Goals4,PSEM
547,33,1.0,PSAM_25,Goals4,PSEM
548,34,1.0,PSAM_25,Goals4,PSEM
549,35,1.0,PSAM_25,Goals4,PSEM
550,36,0.9722222222222222,PSAM_25,Goals4,PSEM
551,37,0.9722222222222222,PSAM_25,Goals4,PSEM
552,38,0.9722222222222222,PSAM_25,Goals4,PSEM
553,39,0.9722222222222222,PSAM_25,Goals4,PSEM
554,40,0.9722222222222222,PSAM_25,Goals4,PSEM
555,41,0.9444444444444444,PSAM_25,Goals4,PSEM
556,42,0.9722222222222222,PSAM_25,Goals4,PSEM
557,43,0.9722222222222222,PSAM_25,Goals4,PSEM
558,44,1.0,PSAM_25,Goals4,PSEM
559,45,0.9722222222222222,PSAM_25,Goals4,PSEM
560,46,0.9722222222222222,PSAM_25,Goals4,PSEM
561,47,0.9722222222222222,PSAM_25,Goals4,PSEM
562,0,0.6666666666666666,PSAM_26,Goals4,PSEM
563,1,0.8333333333333334,PSAM_26,Goals4,PSEM
564,2,0.8055555555555556,PSAM_26,Goals4,PSEM
565,3,0.7777777777777778,PSAM_26,Goals4,PSEM
566,4,0.6944444444444444,PSAM_26,Goals4,PSEM
567,5,0.7222222222222222,PSAM_26,Goals4,PSEM
568,6,0.7777777777777778,PSAM_26,Goals4,PSEM
569,7,0.8611111111111112,PSAM_26,Goals4,PSEM
570,8,0.9444444444444444,PSAM_26,Goals4,PSEM
571,9,0.9444444444444444,PSAM_26,Goals4,PSEM
572,10,0.9722222222222222,PSAM_26,Goals4,PSEM
573,11,0.9722222222222222,PSAM_26,Goals4,PSEM
574,12,0.9722222222222222,PSAM_26,Goals4,PSEM
575,13,0.9722222222222222,PSAM_26,Goals4,PSEM
576,14,0.9722222222222222,PSAM_26,Goals4,PSEM
577,15,1.0,PSAM_26,Goals4,PSEM
578,16,1.0,PSAM_26,Goals4,PSEM
579,17,0.9444444444444444,PSAM_26,Goals4,PSEM
580,18,0.9444444444444444,PSAM_26,Goals4,PSEM
581,19,0.9444444444444444,PSAM_26,Goals4,PSEM
582,20,1.0,PSAM_26,Goals4,PSEM
583,21,1.0,PSAM_26,Goals4,PSEM
584,22,1.0,PSAM_26,Goals4,PSEM
585,23,1.0,PSAM_26,Goals4,PSEM
586,24,1.0,PSAM_26,Goals4,PSEM
587,25,1.0,PSAM_26,Goals4,PSEM
588,26,1.0,PSAM_26,Goals4,PSEM
589,27,1.0,PSAM_26,Goals4,PSEM
590,28,1.0,PSAM_26,Goals4,PSEM
591,29,1.0,PSAM_26,Goals4,PSEM
592,30,1.0,PSAM_26,Goals4,PSEM
593,31,1.0,PSAM_26,Goals4,PSEM
594,32,1.0,PSAM_26,Goals4,PSEM
595,33,1.0,PSAM_26,Goals4,PSEM
596,34,1.0,PSAM_26,Goals4,PSEM
597,35,1.0,PSAM_26,Goals4,PSEM
598,36,1.0,PSAM_26,Goals4,PSEM
599,37,1.0,PSAM_26,Goals4,PSEM
600,38,0.9722222222222222,PSAM_26,Goals4,PSEM
601,39,0.9722222222222222,PSAM_26,Goals4,PSEM
602,40,0.9444444444444444,PSAM_26,Goals4,PSEM
603,0,0.2777777777777778,PSAM_27,Goals4,PSEM
604,1,0.25,PSAM_27,Goals4,PSEM
605,2,0.19444444444444445,PSAM_27,Goals4,PSEM
606,3,0.2222222222222222,PSAM_27,Goals4,PSEM
607,4,0.2777777777777778,PSAM_27,Goals4,PSEM
608,5,0.3333333333333333,PSAM_27,Goals4,PSEM
609,6,0.3055555555555556,PSAM_27,Goals4,PSEM
610,7,0.3333333333333333,PSAM_27,Goals4,PSEM
611,8,0.3611111111111111,PSAM_27,Goals4,PSEM
0,0,0.16666666666666666,PSAM_9,Reversal,vehicle
1,1,0.16666666666666666,PSAM_9,Reversal,vehicle
2,2,0.3333333333333333,PSAM_9,Reversal,vehicle
3,3,0.3611111111111111,PSAM_9,Reversal,vehicle
4,4,0.3055555555555556,PSAM_9,Reversal,vehicle
5,5,0.16666666666666666,PSAM_9,Reversal,vehicle
6,6,0.2777777777777778,PSAM_9,Reversal,vehicle
7,7,0.2777777777777778,PSAM_9,Reversal,vehicle
8,8,0.3055555555555556,PSAM_9,Reversal,vehicle
9,9,0.19444444444444445,PSAM_9,Reversal,vehicle
10,10,0.2222222222222222,PSAM_9,Reversal,vehicle
11,11,0.2777777777777778,PSAM_9,Reversal,vehicle
12,12,0.3888888888888889,PSAM_9,Reversal,vehicle
13,13,0.3333333333333333,PSAM_9,Reversal,vehicle
14,14,0.3333333333333333,PSAM_9,Reversal,vehicle
15,15,0.3611111111111111,PSAM_9,Reversal,vehicle
16,16,0.4166666666666667,PSAM_9,Reversal,vehicle
17,17,0.3888888888888889,PSAM_9,Reversal,vehicle
18,18,0.3611111111111111,PSAM_9,Reversal,vehicle
19,19,0.3333333333333333,PSAM_9,Reversal,vehicle
20,20,0.3333333333333333,PSAM_9,Reversal,vehicle
21,21,0.2777777777777778,PSAM_9,Reversal,vehicle
22,22,0.3888888888888889,PSAM_9,Reversal,vehicle
23,23,0.4166666666666667,PSAM_9,Reversal,vehicle
24,24,0.5277777777777778,PSAM_9,Reversal,vehicle
25,0,0.3333333333333333,PSAM_11,Reversal,vehicle
26,1,0.25,PSAM_11,Reversal,vehicle
27,2,0.2777777777777778,PSAM_11,Reversal,vehicle
28,3,0.3055555555555556,PSAM_11,Reversal,vehicle
29,4,0.3611111111111111,PSAM_11,Reversal,vehicle
30,5,0.3888888888888889,PSAM_11,Reversal,vehicle
31,6,0.4444444444444444,PSAM_11,Reversal,vehicle
32,7,0.4444444444444444,PSAM_11,Reversal,vehicle
33,8,0.4444444444444444,PSAM_11,Reversal,vehicle
34,9,0.4166666666666667,PSAM_11,Reversal,vehicle
35,10,0.4166666666666667,PSAM_11,Reversal,vehicle
36,11,0.3611111111111111,PSAM_11,Reversal,vehicle
37,12,0.3055555555555556,PSAM_11,Reversal,vehicle
38,13,0.2777777777777778,PSAM_11,Reversal,vehicle
39,14,0.3333333333333333,PSAM_11,Reversal,vehicle
40,15,0.5,PSAM_11,Reversal,vehicle
41,16,0.5555555555555556,PSAM_11,Reversal,vehicle
42,17,0.5,PSAM_11,Reversal,vehicle
43,18,0.4722222222222222,PSAM_11,Reversal,vehicle
44,19,0.4722222222222222,PSAM_11,Reversal,vehicle
45,20,0.5555555555555556,PSAM_11,Reversal,vehicle
46,21,0.5277777777777778,PSAM_11,Reversal,vehicle
47,22,0.5555555555555556,PSAM_11,Reversal,vehicle
48,23,0.5555555555555556,PSAM_11,Reversal,vehicle
49,24,0.5555555555555556,PSAM_11,Reversal,vehicle
50,25,0.5833333333333334,PSAM_11,Reversal,vehicle
51,26,0.6388888888888888,PSAM_11,Reversal,vehicle
52,27,0.6944444444444444,PSAM_11,Reversal,vehicle
53,28,0.6666666666666666,PSAM_11,Reversal,vehicle
54,29,0.6111111111111112,PSAM_11,Reversal,vehicle
55,30,0.6111111111111112,PSAM_11,Reversal,vehicle
56,31,0.6944444444444444,PSAM_11,Reversal,vehicle
57,32,0.75,PSAM_11,Reversal,vehicle
58,33,0.8055555555555556,PSAM_11,Reversal,vehicle
59,34,0.7777777777777778,PSAM_11,Reversal,vehicle
60,35,0.8333333333333334,PSAM_11,Reversal,vehicle
61,36,0.8055555555555556,PSAM_11,Reversal,vehicle
62,37,0.8055555555555556,PSAM_11,Reversal,vehicle
63,38,0.75,PSAM_11,Reversal,vehicle
64,0,0.3888888888888889,PSAM_12,Reversal,vehicle
65,1,0.25,PSAM_12,Reversal,vehicle
66,2,0.1388888888888889,PSAM_12,Reversal,vehicle
67,3,0.08333333333333333,PSAM_12,Reversal,vehicle
68,4,0.1388888888888889,PSAM_12,Reversal,vehicle
69,5,0.1111111111111111,PSAM_12,Reversal,vehicle
70,6,0.08333333333333333,PSAM_12,Reversal,vehicle
71,7,0.1111111111111111,PSAM_12,Reversal,vehicle
72,8,0.1388888888888889,PSAM_12,Reversal,vehicle
73,9,0.16666666666666666,PSAM_12,Reversal,vehicle
74,10,0.19444444444444445,PSAM_12,Reversal,vehicle
75,11,0.16666666666666666,PSAM_12,Reversal,vehicle
76,12,0.19444444444444445,PSAM_12,Reversal,vehicle
77,13,0.1388888888888889,PSAM_12,Reversal,vehicle
78,14,0.2222222222222222,PSAM_12,Reversal,vehicle
79,15,0.25,PSAM_12,Reversal,vehicle
80,16,0.25,PSAM_12,Reversal,vehicle
81,17,0.3055555555555556,PSAM_12,Reversal,vehicle
82,18,0.3055555555555556,PSAM_12,Reversal,vehicle
83,19,0.4444444444444444,PSAM_12,Reversal,vehicle
84,0,0.19444444444444445,PSAM_14,Reversal,vehicle
85,1,0.19444444444444445,PSAM_14,Reversal,vehicle
86,2,0.16666666666666666,PSAM_14,Reversal,vehicle
87,3,0.1111111111111111,PSAM_14,Reversal,vehicle
88,4,0.05555555555555555,PSAM_14,Reversal,vehicle
89,5,0.027777777777777776,PSAM_14,Reversal,vehicle
90,6,0.16666666666666666,PSAM_14,Reversal,vehicle
91,7,0.2777777777777778,PSAM_14,Reversal,vehicle
92,8,0.3888888888888889,PSAM_14,Reversal,vehicle
93,9,0.4722222222222222,PSAM_14,Reversal,vehicle
94,10,0.5,PSAM_14,Reversal,vehicle
95,11,0.6111111111111112,PSAM_14,Reversal,vehicle
96,12,0.5833333333333334,PSAM_14,Reversal,vehicle
97,13,0.6944444444444444,PSAM_14,Reversal,vehicle
98,14,0.6111111111111112,PSAM_14,Reversal,vehicle
99,15,0.6666666666666666,PSAM_14,Reversal,vehicle
100,0,0.08333333333333333,PSAM_16,Reversal,vehicle
101,1,0.1111111111111111,PSAM_16,Reversal,vehicle
102,2,0.1388888888888889,PSAM_16,Reversal,vehicle
103,3,0.19444444444444445,PSAM_16,Reversal,vehicle
104,4,0.2777777777777778,PSAM_16,Reversal,vehicle
105,5,0.3055555555555556,PSAM_16,Reversal,vehicle
106,6,0.4444444444444444,PSAM_16,Reversal,vehicle
107,7,0.3888888888888889,PSAM_16,Reversal,vehicle
108,8,0.5277777777777778,PSAM_16,Reversal,vehicle
109,9,0.6111111111111112,PSAM_16,Reversal,vehicle
110,10,0.7222222222222222,PSAM_16,Reversal,vehicle
111,11,0.6111111111111112,PSAM_16,Reversal,vehicle
112,12,0.5555555555555556,PSAM_16,Reversal,vehicle
113,13,0.5833333333333334,PSAM_16,Reversal,vehicle
114,14,0.5833333333333334,PSAM_16,Reversal,vehicle
115,15,0.5277777777777778,PSAM_16,Reversal,vehicle
116,16,0.5555555555555556,PSAM_16,Reversal,vehicle
117,17,0.6111111111111112,PSAM_16,Reversal,vehicle
118,18,0.75,PSAM_16,Reversal,vehicle
119,19,0.8333333333333334,PSAM_16,Reversal,vehicle
120,20,0.9722222222222222,PSAM_16,Reversal,vehicle
121,21,0.9722222222222222,PSAM_16,Reversal,vehicle
122,22,0.9722222222222222,PSAM_16,Reversal,vehicle
123,23,0.9444444444444444,PSAM_16,Reversal,vehicle
124,24,0.9722222222222222,PSAM_16,Reversal,vehicle
125,25,0.9444444444444444,PSAM_16,Reversal,vehicle
126,26,0.8333333333333334,PSAM_16,Reversal,vehicle
127,27,0.75,PSAM_16,Reversal,vehicle
128,28,0.75,PSAM_16,Reversal,vehicle
129,29,0.75,PSAM_16,Reversal,vehicle
130,30,0.6944444444444444,PSAM_16,Reversal,vehicle
131,31,0.6111111111111112,PSAM_16,Reversal,vehicle
132,32,0.6944444444444444,PSAM_16,Reversal,vehicle
133,33,0.6666666666666666,PSAM_16,Reversal,vehicle
134,34,0.6944444444444444,PSAM_16,Reversal,vehicle
135,35,0.7222222222222222,PSAM_16,Reversal,vehicle
136,0,0.2777777777777778,PSAM_21,Reversal,vehicle
137,1,0.3333333333333333,PSAM_21,Reversal,vehicle
138,2,0.2777777777777778,PSAM_21,Reversal,vehicle
139,3,0.3333333333333333,PSAM_21,Reversal,vehicle
140,4,0.16666666666666666,PSAM_21,Reversal,vehicle
141,5,0.05555555555555555,PSAM_21,Reversal,vehicle
142,6,0.027777777777777776,PSAM_21,Reversal,vehicle
143,7,0.05555555555555555,PSAM_21,Reversal,vehicle
144,8,0.16666666666666666,PSAM_21,Reversal,vehicle
145,9,0.2222222222222222,PSAM_21,Reversal,vehicle
146,10,0.2777777777777778,PSAM_21,Reversal,vehicle
147,11,0.2222222222222222,PSAM_21,Reversal,vehicle
148,12,0.2222222222222222,PSAM_21,Reversal,vehicle
149,13,0.2222222222222222,PSAM_21,Reversal,vehicle
150,14,0.3055555555555556,PSAM_21,Reversal,vehicle
151,15,0.3611111111111111,PSAM_21,Reversal,vehicle
152,16,0.4444444444444444,PSAM_21,Reversal,vehicle
153,17,0.5555555555555556,PSAM_21,Reversal,vehicle
154,18,0.7222222222222222,PSAM_21,Reversal,vehicle
155,19,0.8333333333333334,PSAM_21,Reversal,vehicle
156,20,0.8333333333333334,PSAM_21,Reversal,vehicle
157,21,0.8333333333333334,PSAM_21,Reversal,vehicle
158,22,0.8888888888888888,PSAM_21,Reversal,vehicle
159,23,0.8333333333333334,PSAM_21,Reversal,vehicle
160,24,0.8611111111111112,PSAM_21,Reversal,vehicle
161,25,0.8333333333333334,PSAM_21,Reversal,vehicle
162,26,0.9722222222222222,PSAM_21,Reversal,vehicle
163,27,0.8888888888888888,PSAM_21,Reversal,vehicle
164,28,0.8888888888888888,PSAM_21,Reversal,vehicle
165,29,0.8611111111111112,PSAM_21,Reversal,vehicle
166,30,0.9444444444444444,PSAM_21,Reversal,vehicle
167,31,0.9722222222222222,PSAM_21,Reversal,vehicle
168,32,0.9722222222222222,PSAM_21,Reversal,vehicle
169,33,0.8333333333333334,PSAM_21,Reversal,vehicle
170,0,0.4444444444444444,PSAM_22,Reversal,vehicle
171,1,0.4166666666666667,PSAM_22,Reversal,vehicle
172,2,0.3333333333333333,PSAM_22,Reversal,vehicle
173,3,0.2777777777777778,PSAM_22,Reversal,vehicle
174,4,0.3055555555555556,PSAM_22,Reversal,vehicle
175,5,0.3611111111111111,PSAM_22,Reversal,vehicle
176,6,0.3333333333333333,PSAM_22,Reversal,vehicle
177,7,0.3888888888888889,PSAM_22,Reversal,vehicle
178,8,0.4166666666666667,PSAM_22,Reversal,vehicle
179,9,0.4722222222222222,PSAM_22,Reversal,vehicle
180,10,0.5,PSAM_22,Reversal,vehicle
181,11,0.5277777777777778,PSAM_22,Reversal,vehicle
182,12,0.6111111111111112,PSAM_22,Reversal,vehicle
183,13,0.6944444444444444,PSAM_22,Reversal,vehicle
184,14,0.7222222222222222,PSAM_22,Reversal,vehicle
185,15,0.7222222222222222,PSAM_22,Reversal,vehicle
186,16,0.7777777777777778,PSAM_22,Reversal,vehicle
187,17,0.8333333333333334,PSAM_22,Reversal,vehicle
188,18,0.9444444444444444,PSAM_22,Reversal,vehicle
189,19,0.7777777777777778,PSAM_22,Reversal,vehicle
190,20,0.7777777777777778,PSAM_22,Reversal,vehicle
191,21,0.7222222222222222,PSAM_22,Reversal,vehicle
192,22,0.8333333333333334,PSAM_22,Reversal,vehicle
193,23,0.6944444444444444,PSAM_22,Reversal,vehicle
194,24,0.5555555555555556,PSAM_22,Reversal,vehicle
195,25,0.4722222222222222,PSAM_22,Reversal,vehicle
196,26,0.5555555555555556,PSAM_22,Reversal,vehicle
197,27,0.75,PSAM_22,Reversal,vehicle
198,28,0.8888888888888888,PSAM_22,Reversal,vehicle
199,29,0.9444444444444444,PSAM_22,Reversal,vehicle
200,30,0.9166666666666666,PSAM_22,Reversal,vehicle
201,31,0.9444444444444444,PSAM_22,Reversal,vehicle
202,32,0.9722222222222222,PSAM_22,Reversal,vehicle
203,33,0.9722222222222222,PSAM_22,Reversal,vehicle
204,34,0.9722222222222222,PSAM_22,Reversal,vehicle
205,35,0.9722222222222222,PSAM_22,Reversal,vehicle
206,36,1.0,PSAM_22,Reversal,vehicle
207,37,1.0,PSAM_22,Reversal,vehicle
208,38,1.0,PSAM_22,Reversal,vehicle
209,39,1.0,PSAM_22,Reversal,vehicle
210,40,0.9722222222222222,PSAM_22,Reversal,vehicle
211,41,0.9722222222222222,PSAM_22,Reversal,vehicle
212,42,0.9722222222222222,PSAM_22,Reversal,vehicle
213,43,1.0,PSAM_22,Reversal,vehicle
214,44,1.0,PSAM_22,Reversal,vehicle
215,45,0.8888888888888888,PSAM_22,Reversal,vehicle
216,46,0.8333333333333334,PSAM_22,Reversal,vehicle
217,47,0.7222222222222222,PSAM_22,Reversal,vehicle
218,48,0.7222222222222222,PSAM_22,Reversal,vehicle
219,49,0.6944444444444444,PSAM_22,Reversal,vehicle
220,50,0.6944444444444444,PSAM_22,Reversal,vehicle
221,51,0.7222222222222222,PSAM_22,Reversal,vehicle
222,52,0.75,PSAM_22,Reversal,vehicle
223,53,0.75,PSAM_22,Reversal,vehicle
224,54,0.8055555555555556,PSAM_22,Reversal,vehicle
225,55,0.8333333333333334,PSAM_22,Reversal,vehicle
226,0,0.027777777777777776,PSAM_23,Reversal,vehicle
227,1,0.0,PSAM_23,Reversal,vehicle
228,2,0.0,PSAM_23,Reversal,vehicle
229,3,0.0,PSAM_23,Reversal,vehicle
230,4,0.08333333333333333,PSAM_23,Reversal,vehicle
231,5,0.19444444444444445,PSAM_23,Reversal,vehicle
232,6,0.25,PSAM_23,Reversal,vehicle
233,7,0.3611111111111111,PSAM_23,Reversal,vehicle
234,8,0.4166666666666667,PSAM_23,Reversal,vehicle
235,9,0.5277777777777778,PSAM_23,Reversal,vehicle
236,10,0.5277777777777778,PSAM_23,Reversal,vehicle
237,11,0.5555555555555556,PSAM_23,Reversal,vehicle
238,12,0.5833333333333334,PSAM_23,Reversal,vehicle
239,13,0.5833333333333334,PSAM_23,Reversal,vehicle
240,14,0.6666666666666666,PSAM_23,Reversal,vehicle
241,15,0.75,PSAM_23,Reversal,vehicle
242,16,0.8055555555555556,PSAM_23,Reversal,vehicle
243,17,0.75,PSAM_23,Reversal,vehicle
244,18,0.6388888888888888,PSAM_23,Reversal,vehicle
245,19,0.6111111111111112,PSAM_23,Reversal,vehicle
246,20,0.6111111111111112,PSAM_23,Reversal,vehicle
247,21,0.7222222222222222,PSAM_23,Reversal,vehicle
248,22,0.7222222222222222,PSAM_23,Reversal,vehicle
249,23,0.8055555555555556,PSAM_23,Reversal,vehicle
250,24,0.8611111111111112,PSAM_23,Reversal,vehicle
251,25,0.9722222222222222,PSAM_23,Reversal,vehicle
252,26,1.0,PSAM_23,Reversal,vehicle
253,27,1.0,PSAM_23,Reversal,vehicle
254,28,0.9444444444444444,PSAM_23,Reversal,vehicle
255,29,0.9444444444444444,PSAM_23,Reversal,vehicle
256,30,0.9444444444444444,PSAM_23,Reversal,vehicle
257,31,1.0,PSAM_23,Reversal,vehicle
258,32,0.9444444444444444,PSAM_23,Reversal,vehicle
259,33,0.9166666666666666,PSAM_23,Reversal,vehicle
260,34,0.8888888888888888,PSAM_23,Reversal,vehicle
261,35,0.9444444444444444,PSAM_23,Reversal,vehicle
262,36,0.9166666666666666,PSAM_23,Reversal,vehicle
263,37,0.9444444444444444,PSAM_23,Reversal,vehicle
264,38,0.9166666666666666,PSAM_23,Reversal,vehicle
265,39,0.9722222222222222,PSAM_23,Reversal,vehicle
266,40,0.9722222222222222,PSAM_23,Reversal,vehicle
267,41,1.0,PSAM_23,Reversal,vehicle
268,42,0.9444444444444444,PSAM_23,Reversal,vehicle
269,43,0.9166666666666666,PSAM_23,Reversal,vehicle
270,44,0.9166666666666666,PSAM_23,Reversal,vehicle
271,45,0.9722222222222222,PSAM_23,Reversal,vehicle
272,46,1.0,PSAM_23,Reversal,vehicle
273,47,1.0,PSAM_23,Reversal,vehicle
274,48,1.0,PSAM_23,Reversal,vehicle
275,49,1.0,PSAM_23,Reversal,vehicle
276,50,1.0,PSAM_23,Reversal,vehicle
277,51,0.9166666666666666,PSAM_23,Reversal,vehicle
278,52,0.75,PSAM_23,Reversal,vehicle
279,53,0.6666666666666666,PSAM_23,Reversal,vehicle
280,54,0.6666666666666666,PSAM_23,Reversal,vehicle
281,55,0.7222222222222222,PSAM_23,Reversal,vehicle
282,56,0.8055555555555556,PSAM_23,Reversal,vehicle
283,57,0.7777777777777778,PSAM_23,Reversal,vehicle
284,58,0.7222222222222222,PSAM_23,Reversal,vehicle
285,59,0.6666666666666666,PSAM_23,Reversal,vehicle
286,0,0.75,PSAM_7,Reversal,PSEM
287,1,0.7222222222222222,PSAM_7,Reversal,PSEM
288,2,0.6111111111111112,PSAM_7,Reversal,PSEM
289,3,0.5833333333333334,PSAM_7,Reversal,PSEM
290,4,0.5833333333333334,PSAM_7,Reversal,PSEM
291,5,0.6388888888888888,PSAM_7,Reversal,PSEM
292,6,0.5555555555555556,PSAM_7,Reversal,PSEM
293,7,0.4444444444444444,PSAM_7,Reversal,PSEM
294,8,0.4166666666666667,PSAM_7,Reversal,PSEM
295,9,0.4444444444444444,PSAM_7,Reversal,PSEM
296,10,0.5555555555555556,PSAM_7,Reversal,PSEM
297,11,0.6666666666666666,PSAM_7,Reversal,PSEM
298,12,0.75,PSAM_7,Reversal,PSEM
299,13,0.7222222222222222,PSAM_7,Reversal,PSEM
300,14,0.6111111111111112,PSAM_7,Reversal,PSEM
301,15,0.4444444444444444,PSAM_7,Reversal,PSEM
302,16,0.3333333333333333,PSAM_7,Reversal,PSEM
303,17,0.3611111111111111,PSAM_7,Reversal,PSEM
304,18,0.4444444444444444,PSAM_7,Reversal,PSEM
305,19,0.5,PSAM_7,Reversal,PSEM
306,20,0.4444444444444444,PSAM_7,Reversal,PSEM
307,21,0.4722222222222222,PSAM_7,Reversal,PSEM
308,22,0.5,PSAM_7,Reversal,PSEM
309,23,0.5833333333333334,PSAM_7,Reversal,PSEM
310,24,0.5555555555555556,PSAM_7,Reversal,PSEM
311,25,0.5555555555555556,PSAM_7,Reversal,PSEM
312,26,0.4444444444444444,PSAM_7,Reversal,PSEM
313,27,0.4444444444444444,PSAM_7,Reversal,PSEM
314,28,0.5,PSAM_7,Reversal,PSEM
315,29,0.6388888888888888,PSAM_7,Reversal,PSEM
316,30,0.6666666666666666,PSAM_7,Reversal,PSEM
317,31,0.6944444444444444,PSAM_7,Reversal,PSEM
318,32,0.6944444444444444,PSAM_7,Reversal,PSEM
319,33,0.75,PSAM_7,Reversal,PSEM
320,34,0.6944444444444444,PSAM_7,Reversal,PSEM
321,35,0.7222222222222222,PSAM_7,Reversal,PSEM
322,36,0.6944444444444444,PSAM_7,Reversal,PSEM
323,37,0.6944444444444444,PSAM_7,Reversal,PSEM
324,38,0.6666666666666666,PSAM_7,Reversal,PSEM
325,39,0.7222222222222222,PSAM_7,Reversal,PSEM
326,0,0.5277777777777778,PSAM_10,Reversal,PSEM
327,1,0.5277777777777778,PSAM_10,Reversal,PSEM
328,2,0.4722222222222222,PSAM_10,Reversal,PSEM
329,3,0.3055555555555556,PSAM_10,Reversal,PSEM
330,4,0.2777777777777778,PSAM_10,Reversal,PSEM
331,5,0.3055555555555556,PSAM_10,Reversal,PSEM
332,6,0.3611111111111111,PSAM_10,Reversal,PSEM
333,7,0.3055555555555556,PSAM_10,Reversal,PSEM
334,8,0.3055555555555556,PSAM_10,Reversal,PSEM
335,9,0.3333333333333333,PSAM_10,Reversal,PSEM
336,10,0.3611111111111111,PSAM_10,Reversal,PSEM
337,11,0.3888888888888889,PSAM_10,Reversal,PSEM
338,12,0.3611111111111111,PSAM_10,Reversal,PSEM
339,13,0.3888888888888889,PSAM_10,Reversal,PSEM
340,14,0.3611111111111111,PSAM_10,Reversal,PSEM
341,15,0.3333333333333333,PSAM_10,Reversal,PSEM
342,16,0.3055555555555556,PSAM_10,Reversal,PSEM
343,17,0.3611111111111111,PSAM_10,Reversal,PSEM
344,18,0.5,PSAM_10,Reversal,PSEM
345,19,0.5555555555555556,PSAM_10,Reversal,PSEM
346,20,0.5277777777777778,PSAM_10,Reversal,PSEM
347,21,0.4166666666666667,PSAM_10,Reversal,PSEM
348,22,0.4444444444444444,PSAM_10,Reversal,PSEM
349,23,0.4722222222222222,PSAM_10,Reversal,PSEM
350,24,0.5277777777777778,PSAM_10,Reversal,PSEM
351,25,0.4722222222222222,PSAM_10,Reversal,PSEM
352,26,0.4166666666666667,PSAM_10,Reversal,PSEM
353,27,0.5,PSAM_10,Reversal,PSEM
354,28,0.5555555555555556,PSAM_10,Reversal,PSEM
355,29,0.5555555555555556,PSAM_10,Reversal,PSEM
356,30,0.4166666666666667,PSAM_10,Reversal,PSEM
357,31,0.3611111111111111,PSAM_10,Reversal,PSEM
358,32,0.4166666666666667,PSAM_10,Reversal,PSEM
359,33,0.6111111111111112,PSAM_10,Reversal,PSEM
360,34,0.6944444444444444,PSAM_10,Reversal,PSEM
361,35,0.75,PSAM_10,Reversal,PSEM
362,36,0.7222222222222222,PSAM_10,Reversal,PSEM
363,37,0.75,PSAM_10,Reversal,PSEM
364,38,0.7222222222222222,PSAM_10,Reversal,PSEM
365,39,0.6111111111111112,PSAM_10,Reversal,PSEM
366,40,0.6388888888888888,PSAM_10,Reversal,PSEM
367,41,0.75,PSAM_10,Reversal,PSEM
368,42,0.8611111111111112,PSAM_10,Reversal,PSEM
369,43,0.75,PSAM_10,Reversal,PSEM
370,44,0.6388888888888888,PSAM_10,Reversal,PSEM
371,45,0.5833333333333334,PSAM_10,Reversal,PSEM
372,46,0.6388888888888888,PSAM_10,Reversal,PSEM
373,47,0.6666666666666666,PSAM_10,Reversal,PSEM
374,48,0.6944444444444444,PSAM_10,Reversal,PSEM
375,49,0.7777777777777778,PSAM_10,Reversal,PSEM
376,0,0.5833333333333334,PSAM_17,Reversal,PSEM
377,1,0.5277777777777778,PSAM_17,Reversal,PSEM
378,2,0.4166666666666667,PSAM_17,Reversal,PSEM
379,3,0.2777777777777778,PSAM_17,Reversal,PSEM
380,0,0.19444444444444445,PSAM_19,Reversal,PSEM
381,1,0.2222222222222222,PSAM_19,Reversal,PSEM
382,2,0.25,PSAM_19,Reversal,PSEM
383,3,0.25,PSAM_19,Reversal,PSEM
384,4,0.16666666666666666,PSAM_19,Reversal,PSEM
385,5,0.08333333333333333,PSAM_19,Reversal,PSEM
386,6,0.0,PSAM_19,Reversal,PSEM
387,7,0.05555555555555555,PSAM_19,Reversal,PSEM
388,8,0.08333333333333333,PSAM_19,Reversal,PSEM
389,9,0.16666666666666666,PSAM_19,Reversal,PSEM
390,10,0.1388888888888889,PSAM_19,Reversal,PSEM
391,11,0.16666666666666666,PSAM_19,Reversal,PSEM
392,12,0.1111111111111111,PSAM_19,Reversal,PSEM
393,13,0.1388888888888889,PSAM_19,Reversal,PSEM
394,14,0.16666666666666666,PSAM_19,Reversal,PSEM
395,15,0.25,PSAM_19,Reversal,PSEM
396,16,0.3055555555555556,PSAM_19,Reversal,PSEM
397,17,0.3888888888888889,PSAM_19,Reversal,PSEM
398,18,0.3888888888888889,PSAM_19,Reversal,PSEM
399,19,0.4722222222222222,PSAM_19,Reversal,PSEM
400,20,0.4444444444444444,PSAM_19,Reversal,PSEM
401,21,0.4722222222222222,PSAM_19,Reversal,PSEM
402,22,0.4444444444444444,PSAM_19,Reversal,PSEM
403,23,0.4444444444444444,PSAM_19,Reversal,PSEM
404,24,0.4444444444444444,PSAM_19,Reversal,PSEM
405,25,0.4444444444444444,PSAM_19,Reversal,PSEM
406,26,0.4444444444444444,PSAM_19,Reversal,PSEM
407,27,0.5277777777777778,PSAM_19,Reversal,PSEM
408,28,0.5833333333333334,PSAM_19,Reversal,PSEM
409,29,0.6111111111111112,PSAM_19,Reversal,PSEM
410,30,0.6388888888888888,PSAM_19,Reversal,PSEM
411,31,0.6388888888888888,PSAM_19,Reversal,PSEM
412,32,0.7222222222222222,PSAM_19,Reversal,PSEM
413,33,0.6388888888888888,PSAM_19,Reversal,PSEM
414,34,0.6388888888888888,PSAM_19,Reversal,PSEM
415,35,0.6388888888888888,PSAM_19,Reversal,PSEM
416,36,0.6666666666666666,PSAM_19,Reversal,PSEM
417,37,0.7222222222222222,PSAM_19,Reversal,PSEM
418,38,0.7222222222222222,PSAM_19,Reversal,PSEM
419,39,0.75,PSAM_19,Reversal,PSEM
420,40,0.6944444444444444,PSAM_19,Reversal,PSEM
421,41,0.6666666666666666,PSAM_19,Reversal,PSEM
422,42,0.5833333333333334,PSAM_19,Reversal,PSEM
423,43,0.5555555555555556,PSAM_19,Reversal,PSEM
424,44,0.5,PSAM_19,Reversal,PSEM
425,45,0.6388888888888888,PSAM_19,Reversal,PSEM
426,46,0.6666666666666666,PSAM_19,Reversal,PSEM
427,47,0.7222222222222222,PSAM_19,Reversal,PSEM
428,48,0.6388888888888888,PSAM_19,Reversal,PSEM
429,49,0.6666666666666666,PSAM_19,Reversal,PSEM
430,50,0.6944444444444444,PSAM_19,Reversal,PSEM
431,51,0.7222222222222222,PSAM_19,Reversal,PSEM
432,52,0.7777777777777778,PSAM_19,Reversal,PSEM
433,53,0.8333333333333334,PSAM_19,Reversal,PSEM
434,54,0.8611111111111112,PSAM_19,Reversal,PSEM
435,55,0.8611111111111112,PSAM_19,Reversal,PSEM
436,56,0.8333333333333334,PSAM_19,Reversal,PSEM
437,57,0.8333333333333334,PSAM_19,Reversal,PSEM
438,58,0.8611111111111112,PSAM_19,Reversal,PSEM
439,59,0.8055555555555556,PSAM_19,Reversal,PSEM
440,60,0.8055555555555556,PSAM_19,Reversal,PSEM
441,61,0.7777777777777778,PSAM_19,Reversal,PSEM
442,62,0.8611111111111112,PSAM_19,Reversal,PSEM
443,63,0.9166666666666666,PSAM_19,Reversal,PSEM
444,64,0.9444444444444444,PSAM_19,Reversal,PSEM
445,65,0.9166666666666666,PSAM_19,Reversal,PSEM
446,66,0.8611111111111112,PSAM_19,Reversal,PSEM
447,67,0.8333333333333334,PSAM_19,Reversal,PSEM
448,68,0.7777777777777778,PSAM_19,Reversal,PSEM
449,69,0.8055555555555556,PSAM_19,Reversal,PSEM
450,70,0.7777777777777778,PSAM_19,Reversal,PSEM
451,71,0.8333333333333334,PSAM_19,Reversal,PSEM
452,72,0.7777777777777778,PSAM_19,Reversal,PSEM
453,0,0.3055555555555556,PSAM_20,Reversal,PSEM
454,1,0.3333333333333333,PSAM_20,Reversal,PSEM
455,2,0.4166666666666667,PSAM_20,Reversal,PSEM
456,3,0.3888888888888889,PSAM_20,Reversal,PSEM
457,4,0.4444444444444444,PSAM_20,Reversal,PSEM
458,5,0.3611111111111111,PSAM_20,Reversal,PSEM
459,6,0.3333333333333333,PSAM_20,Reversal,PSEM
460,7,0.3055555555555556,PSAM_20,Reversal,PSEM
461,8,0.3888888888888889,PSAM_20,Reversal,PSEM
462,9,0.4166666666666667,PSAM_20,Reversal,PSEM
463,10,0.4722222222222222,PSAM_20,Reversal,PSEM
464,11,0.4722222222222222,PSAM_20,Reversal,PSEM
465,12,0.4722222222222222,PSAM_20,Reversal,PSEM
466,13,0.5,PSAM_20,Reversal,PSEM
467,14,0.4722222222222222,PSAM_20,Reversal,PSEM
468,15,0.5555555555555556,PSAM_20,Reversal,PSEM
469,16,0.5555555555555556,PSAM_20,Reversal,PSEM
470,17,0.6111111111111112,PSAM_20,Reversal,PSEM
471,18,0.6111111111111112,PSAM_20,Reversal,PSEM
472,19,0.5833333333333334,PSAM_20,Reversal,PSEM
473,20,0.5277777777777778,PSAM_20,Reversal,PSEM
474,21,0.5277777777777778,PSAM_20,Reversal,PSEM
475,22,0.5555555555555556,PSAM_20,Reversal,PSEM
476,23,0.5555555555555556,PSAM_20,Reversal,PSEM
477,24,0.4444444444444444,PSAM_20,Reversal,PSEM
478,25,0.2777777777777778,PSAM_20,Reversal,PSEM
479,26,0.1111111111111111,PSAM_20,Reversal,PSEM
480,27,0.027777777777777776,PSAM_20,Reversal,PSEM
481,28,0.1111111111111111,PSAM_20,Reversal,PSEM
482,29,0.19444444444444445,PSAM_20,Reversal,PSEM
483,30,0.25,PSAM_20,Reversal,PSEM
484,31,0.25,PSAM_20,Reversal,PSEM
485,32,0.2222222222222222,PSAM_20,Reversal,PSEM
486,33,0.25,PSAM_20,Reversal,PSEM
487,34,0.25,PSAM_20,Reversal,PSEM
488,35,0.3055555555555556,PSAM_20,Reversal,PSEM
489,36,0.25,PSAM_20,Reversal,PSEM
490,37,0.2777777777777778,PSAM_20,Reversal,PSEM
491,38,0.2777777777777778,PSAM_20,Reversal,PSEM
492,39,0.4166666666666667,PSAM_20,Reversal,PSEM
493,40,0.4722222222222222,PSAM_20,Reversal,PSEM
494,41,0.5,PSAM_20,Reversal,PSEM
495,42,0.5,PSAM_20,Reversal,PSEM
496,43,0.4722222222222222,PSAM_20,Reversal,PSEM
497,44,0.4722222222222222,PSAM_20,Reversal,PSEM
498,45,0.5277777777777778,PSAM_20,Reversal,PSEM
499,46,0.5,PSAM_20,Reversal,PSEM
500,47,0.6111111111111112,PSAM_20,Reversal,PSEM
501,48,0.5833333333333334,PSAM_20,Reversal,PSEM
502,49,0.5555555555555556,PSAM_20,Reversal,PSEM
503,50,0.5,PSAM_20,Reversal,PSEM
504,51,0.4444444444444444,PSAM_20,Reversal,PSEM
505,52,0.4444444444444444,PSAM_20,Reversal,PSEM
506,53,0.4166666666666667,PSAM_20,Reversal,PSEM
507,54,0.4166666666666667,PSAM_20,Reversal,PSEM
508,55,0.4444444444444444,PSAM_20,Reversal,PSEM
509,56,0.3888888888888889,PSAM_20,Reversal,PSEM
510,57,0.4444444444444444,PSAM_20,Reversal,PSEM
511,58,0.5277777777777778,PSAM_20,Reversal,PSEM
512,59,0.6944444444444444,PSAM_20,Reversal,PSEM
513,60,0.7222222222222222,PSAM_20,Reversal,PSEM
514,61,0.75,PSAM_20,Reversal,PSEM
515,62,0.6944444444444444,PSAM_20,Reversal,PSEM
516,63,0.6111111111111112,PSAM_20,Reversal,PSEM
517,64,0.5555555555555556,PSAM_20,Reversal,PSEM
518,65,0.4722222222222222,PSAM_20,Reversal,PSEM
519,66,0.4722222222222222,PSAM_20,Reversal,PSEM
520,67,0.5,PSAM_20,Reversal,PSEM
521,68,0.5833333333333334,PSAM_20,Reversal,PSEM
522,69,0.6388888888888888,PSAM_20,Reversal,PSEM
523,0,0.3055555555555556,PSAM_24,Reversal,PSEM
524,1,0.2777777777777778,PSAM_24,Reversal,PSEM
525,2,0.2222222222222222,PSAM_24,Reversal,PSEM
526,3,0.16666666666666666,PSAM_24,Reversal,PSEM
527,4,0.2222222222222222,PSAM_24,Reversal,PSEM
528,5,0.2222222222222222,PSAM_24,Reversal,PSEM
529,6,0.25,PSAM_24,Reversal,PSEM
530,7,0.16666666666666666,PSAM_24,Reversal,PSEM
531,8,0.1388888888888889,PSAM_24,Reversal,PSEM
532,9,0.16666666666666666,PSAM_24,Reversal,PSEM
533,10,0.25,PSAM_24,Reversal,PSEM
534,11,0.3055555555555556,PSAM_24,Reversal,PSEM
535,12,0.3333333333333333,PSAM_24,Reversal,PSEM
536,13,0.3333333333333333,PSAM_24,Reversal,PSEM
537,14,0.4166666666666667,PSAM_24,Reversal,PSEM
538,15,0.5555555555555556,PSAM_24,Reversal,PSEM
539,16,0.5555555555555556,PSAM_24,Reversal,PSEM
540,17,0.5277777777777778,PSAM_24,Reversal,PSEM
541,18,0.4444444444444444,PSAM_24,Reversal,PSEM
542,19,0.5555555555555556,PSAM_24,Reversal,PSEM
543,20,0.6111111111111112,PSAM_24,Reversal,PSEM
544,21,0.6666666666666666,PSAM_24,Reversal,PSEM
545,22,0.7222222222222222,PSAM_24,Reversal,PSEM
546,23,0.75,PSAM_24,Reversal,PSEM
547,24,0.7777777777777778,PSAM_24,Reversal,PSEM
548,25,0.6944444444444444,PSAM_24,Reversal,PSEM
549,26,0.6666666666666666,PSAM_24,Reversal,PSEM
550,27,0.5277777777777778,PSAM_24,Reversal,PSEM
551,28,0.5833333333333334,PSAM_24,Reversal,PSEM
552,29,0.5833333333333334,PSAM_24,Reversal,PSEM
553,30,0.6388888888888888,PSAM_24,Reversal,PSEM
554,31,0.5833333333333334,PSAM_24,Reversal,PSEM
555,32,0.5555555555555556,PSAM_24,Reversal,PSEM
556,33,0.6388888888888888,PSAM_24,Reversal,PSEM
557,34,0.6944444444444444,PSAM_24,Reversal,PSEM
558,35,0.7222222222222222,PSAM_24,Reversal,PSEM
559,36,0.6666666666666666,PSAM_24,Reversal,PSEM
560,37,0.7222222222222222,PSAM_24,Reversal,PSEM
561,38,0.7777777777777778,PSAM_24,Reversal,PSEM
562,39,0.8611111111111112,PSAM_24,Reversal,PSEM
563,40,0.8055555555555556,PSAM_24,Reversal,PSEM
564,41,0.75,PSAM_24,Reversal,PSEM
565,42,0.7777777777777778,PSAM_24,Reversal,PSEM
566,43,0.75,PSAM_24,Reversal,PSEM
567,44,0.7777777777777778,PSAM_24,Reversal,PSEM
568,45,0.75,PSAM_24,Reversal,PSEM
569,46,0.6944444444444444,PSAM_24,Reversal,PSEM
570,47,0.7222222222222222,PSAM_24,Reversal,PSEM
571,48,0.6944444444444444,PSAM_24,Reversal,PSEM
572,49,0.75,PSAM_24,Reversal,PSEM
573,50,0.7222222222222222,PSAM_24,Reversal,PSEM
574,51,0.7222222222222222,PSAM_24,Reversal,PSEM
575,52,0.7777777777777778,PSAM_24,Reversal,PSEM
576,53,0.8055555555555556,PSAM_24,Reversal,PSEM
577,54,0.8333333333333334,PSAM_24,Reversal,PSEM
578,55,0.8055555555555556,PSAM_24,Reversal,PSEM
579,56,0.8333333333333334,PSAM_24,Reversal,PSEM
580,57,0.75,PSAM_24,Reversal,PSEM
581,58,0.7777777777777778,PSAM_24,Reversal,PSEM
582,59,0.7222222222222222,PSAM_24,Reversal,PSEM
583,60,0.7777777777777778,PSAM_24,Reversal,PSEM
584,61,0.8333333333333334,PSAM_24,Reversal,PSEM
585,62,0.8888888888888888,PSAM_24,Reversal,PSEM
586,63,0.9166666666666666,PSAM_24,Reversal,PSEM
587,64,0.8611111111111112,PSAM_24,Reversal,PSEM
588,65,0.8888888888888888,PSAM_24,Reversal,PSEM
589,66,0.8888888888888888,PSAM_24,Reversal,PSEM
590,67,0.8333333333333334,PSAM_24,Reversal,PSEM
591,68,0.7777777777777778,PSAM_24,Reversal,PSEM
592,69,0.7777777777777778,PSAM_24,Reversal,PSEM
593,70,0.8611111111111112,PSAM_24,Reversal,PSEM
594,71,0.8611111111111112,PSAM_24,Reversal,PSEM
595,72,0.8611111111111112,PSAM_24,Reversal,PSEM
596,73,0.75,PSAM_24,Reversal,PSEM
597,74,0.8055555555555556,PSAM_24,Reversal,PSEM
598,75,0.8055555555555556,PSAM_24,Reversal,PSEM
599,76,0.9444444444444444,PSAM_24,Reversal,PSEM
600,0,0.6111111111111112,PSAM_25,Reversal,PSEM
601,1,0.4722222222222222,PSAM_25,Reversal,PSEM
602,2,0.3333333333333333,PSAM_25,Reversal,PSEM
603,3,0.19444444444444445,PSAM_25,Reversal,PSEM
604,4,0.2777777777777778,PSAM_25,Reversal,PSEM
605,5,0.3611111111111111,PSAM_25,Reversal,PSEM
606,6,0.4722222222222222,PSAM_25,Reversal,PSEM
607,7,0.5277777777777778,PSAM_25,Reversal,PSEM
608,8,0.6388888888888888,PSAM_25,Reversal,PSEM
609,9,0.6111111111111112,PSAM_25,Reversal,PSEM
610,10,0.5277777777777778,PSAM_25,Reversal,PSEM
611,11,0.4166666666666667,PSAM_25,Reversal,PSEM
612,12,0.4166666666666667,PSAM_25,Reversal,PSEM
613,13,0.4444444444444444,PSAM_25,Reversal,PSEM
614,14,0.4444444444444444,PSAM_25,Reversal,PSEM
615,15,0.3888888888888889,PSAM_25,Reversal,PSEM
616,16,0.4166666666666667,PSAM_25,Reversal,PSEM
617,17,0.5555555555555556,PSAM_25,Reversal,PSEM
618,18,0.5277777777777778,PSAM_25,Reversal,PSEM
619,19,0.3888888888888889,PSAM_25,Reversal,PSEM
620,20,0.19444444444444445,PSAM_25,Reversal,PSEM
621,21,0.16666666666666666,PSAM_25,Reversal,PSEM
622,22,0.19444444444444445,PSAM_25,Reversal,PSEM
623,23,0.1388888888888889,PSAM_25,Reversal,PSEM
624,24,0.08333333333333333,PSAM_25,Reversal,PSEM
625,25,0.027777777777777776,PSAM_25,Reversal,PSEM
626,26,0.027777777777777776,PSAM_25,Reversal,PSEM
627,27,0.0,PSAM_25,Reversal,PSEM
628,28,0.0,PSAM_25,Reversal,PSEM
629,29,0.027777777777777776,PSAM_25,Reversal,PSEM
630,30,0.1388888888888889,PSAM_25,Reversal,PSEM
631,31,0.1388888888888889,PSAM_25,Reversal,PSEM
632,32,0.1111111111111111,PSAM_25,Reversal,PSEM
633,33,0.027777777777777776,PSAM_25,Reversal,PSEM
634,34,0.08333333333333333,PSAM_25,Reversal,PSEM
635,35,0.16666666666666666,PSAM_25,Reversal,PSEM
636,36,0.2222222222222222,PSAM_25,Reversal,PSEM
637,37,0.2222222222222222,PSAM_25,Reversal,PSEM
638,38,0.25,PSAM_25,Reversal,PSEM
639,39,0.25,PSAM_25,Reversal,PSEM
640,40,0.25,PSAM_25,Reversal,PSEM
641,41,0.2222222222222222,PSAM_25,Reversal,PSEM
642,42,0.25,PSAM_25,Reversal,PSEM
643,43,0.3333333333333333,PSAM_25,Reversal,PSEM
644,44,0.3611111111111111,PSAM_25,Reversal,PSEM
645,45,0.3611111111111111,PSAM_25,Reversal,PSEM
646,46,0.3333333333333333,PSAM_25,Reversal,PSEM
647,47,0.3333333333333333,PSAM_25,Reversal,PSEM
648,48,0.3888888888888889,PSAM_25,Reversal,PSEM
649,49,0.3888888888888889,PSAM_25,Reversal,PSEM
650,50,0.4166666666666667,PSAM_25,Reversal,PSEM
651,51,0.4166666666666667,PSAM_25,Reversal,PSEM
652,52,0.4722222222222222,PSAM_25,Reversal,PSEM
653,53,0.5833333333333334,PSAM_25,Reversal,PSEM
654,54,0.6944444444444444,PSAM_25,Reversal,PSEM
655,55,0.6944444444444444,PSAM_25,Reversal,PSEM
656,56,0.6388888888888888,PSAM_25,Reversal,PSEM
657,57,0.6388888888888888,PSAM_25,Reversal,PSEM
658,58,0.6666666666666666,PSAM_25,Reversal,PSEM
659,59,0.6388888888888888,PSAM_25,Reversal,PSEM
660,60,0.4444444444444444,PSAM_25,Reversal,PSEM
661,61,0.3611111111111111,PSAM_25,Reversal,PSEM
662,62,0.3333333333333333,PSAM_25,Reversal,PSEM
663,63,0.3888888888888889,PSAM_25,Reversal,PSEM
664,64,0.4444444444444444,PSAM_25,Reversal,PSEM
665,65,0.5277777777777778,PSAM_25,Reversal,PSEM
666,0,0.1111111111111111,PSAM_26,Reversal,PSEM
667,1,0.08333333333333333,PSAM_26,Reversal,PSEM
668,2,0.08333333333333333,PSAM_26,Reversal,PSEM
669,3,0.05555555555555555,PSAM_26,Reversal,PSEM
670,4,0.027777777777777776,PSAM_26,Reversal,PSEM
671,5,0.027777777777777776,PSAM_26,Reversal,PSEM
672,6,0.027777777777777776,PSAM_26,Reversal,PSEM
673,7,0.027777777777777776,PSAM_26,Reversal,PSEM
674,8,0.0,PSAM_26,Reversal,PSEM
675,9,0.05555555555555555,PSAM_26,Reversal,PSEM
676,10,0.05555555555555555,PSAM_26,Reversal,PSEM
677,11,0.08333333333333333,PSAM_26,Reversal,PSEM
678,12,0.05555555555555555,PSAM_26,Reversal,PSEM
679,13,0.08333333333333333,PSAM_26,Reversal,PSEM
680,14,0.1111111111111111,PSAM_26,Reversal,PSEM
681,15,0.1388888888888889,PSAM_26,Reversal,PSEM
682,16,0.1388888888888889,PSAM_26,Reversal,PSEM
683,17,0.1111111111111111,PSAM_26,Reversal,PSEM
684,18,0.08333333333333333,PSAM_26,Reversal,PSEM
685,19,0.1111111111111111,PSAM_26,Reversal,PSEM
686,20,0.16666666666666666,PSAM_26,Reversal,PSEM
687,21,0.19444444444444445,PSAM_26,Reversal,PSEM
688,22,0.25,PSAM_26,Reversal,PSEM
689,23,0.2777777777777778,PSAM_26,Reversal,PSEM
690,24,0.4166666666666667,PSAM_26,Reversal,PSEM
691,25,0.3611111111111111,PSAM_26,Reversal,PSEM
692,26,0.3888888888888889,PSAM_26,Reversal,PSEM
693,27,0.3055555555555556,PSAM_26,Reversal,PSEM
694,28,0.3888888888888889,PSAM_26,Reversal,PSEM
695,29,0.4166666666666667,PSAM_26,Reversal,PSEM
696,30,0.5277777777777778,PSAM_26,Reversal,PSEM
697,31,0.6111111111111112,PSAM_26,Reversal,PSEM
698,32,0.6666666666666666,PSAM_26,Reversal,PSEM
699,33,0.6666666666666666,PSAM_26,Reversal,PSEM
700,34,0.6666666666666666,PSAM_26,Reversal,PSEM
701,35,0.6944444444444444,PSAM_26,Reversal,PSEM
702,36,0.6944444444444444,PSAM_26,Reversal,PSEM
703,37,0.6944444444444444,PSAM_26,Reversal,PSEM
704,38,0.6944444444444444,PSAM_26,Reversal,PSEM
705,39,0.7222222222222222,PSAM_26,Reversal,PSEM
706,40,0.8055555555555556,PSAM_26,Reversal,PSEM
707,41,0.8055555555555556,PSAM_26,Reversal,PSEM
708,42,0.8055555555555556,PSAM_26,Reversal,PSEM
709,43,0.7222222222222222,PSAM_26,Reversal,PSEM
710,44,0.6944444444444444,PSAM_26,Reversal,PSEM
711,45,0.7222222222222222,PSAM_26,Reversal,PSEM
712,46,0.75,PSAM_26,Reversal,PSEM
713,47,0.8055555555555556,PSAM_26,Reversal,PSEM
714,48,0.7777777777777778,PSAM_26,Reversal,PSEM
715,49,0.6944444444444444,PSAM_26,Reversal,PSEM
716,50,0.6388888888888888,PSAM_26,Reversal,PSEM
717,51,0.6944444444444444,PSAM_26,Reversal,PSEM
718,52,0.8333333333333334,PSAM_26,Reversal,PSEM
719,53,0.8888888888888888,PSAM_26,Reversal,PSEM
720,54,0.8611111111111112,PSAM_26,Reversal,PSEM
721,0,0.05555555555555555,PSAM_27,Reversal,PSEM
722,1,0.027777777777777776,PSAM_27,Reversal,PSEM
723,2,0.027777777777777776,PSAM_27,Reversal,PSEM
724,3,0.027777777777777776,PSAM_27,Reversal,PSEM
725,4,0.027777777777777776,PSAM_27,Reversal,PSEM
726,5,0.05555555555555555,PSAM_27,Reversal,PSEM
727,6,0.05555555555555555,PSAM_27,Reversal,PSEM
728,7,0.05555555555555555,PSAM_27,Reversal,PSEM
729,8,0.027777777777777776,PSAM_27,Reversal,PSEM
730,9,0.027777777777777776,PSAM_27,Reversal,PSEM
731,10,0.027777777777777776,PSAM_27,Reversal,PSEM
732,11,0.027777777777777776,PSAM_27,Reversal,PSEM
733,12,0.0,PSAM_27,Reversal,PSEM
734,13,0.0,PSAM_27,Reversal,PSEM
735,14,0.027777777777777776,PSAM_27,Reversal,PSEM
736,15,0.05555555555555555,PSAM_27,Reversal,PSEM
737,16,0.08333333333333333,PSAM_27,Reversal,PSEM
738,17,0.05555555555555555,PSAM_27,Reversal,PSEM
739,18,0.027777777777777776,PSAM_27,Reversal,PSEM
740,19,0.05555555555555555,PSAM_27,Reversal,PSEM
741,20,0.05555555555555555,PSAM_27,Reversal,PSEM
742,21,0.05555555555555555,PSAM_27,Reversal,PSEM
743,22,0.027777777777777776,PSAM_27,Reversal,PSEM
744,23,0.08333333333333333,PSAM_27,Reversal,PSEM
745,24,0.1388888888888889,PSAM_27,Reversal,PSEM
746,25,0.19444444444444445,PSAM_27,Reversal,PSEM
747,26,0.16666666666666666,PSAM_27,Reversal,PSEM
748,27,0.1388888888888889,PSAM_27,Reversal,PSEM
749,28,0.08333333333333333,PSAM_27,Reversal,PSEM
750,29,0.1111111111111111,PSAM_27,Reversal,PSEM
751,30,0.1388888888888889,PSAM_27,Reversal,PSEM
752,31,0.19444444444444445,PSAM_27,Reversal,PSEM
753,32,0.19444444444444445,PSAM_27,Reversal,PSEM
754,33,0.2222222222222222,PSAM_27,Reversal,PSEM
755,34,0.2222222222222222,PSAM_27,Reversal,PSEM
756,35,0.3333333333333333,PSAM_27,Reversal,PSEM
757,36,0.3611111111111111,PSAM_27,Reversal,PSEM
758,37,0.4166666666666667,PSAM_27,Reversal,PSEM
759,38,0.3333333333333333,PSAM_27,Reversal,PSEM
760,39,0.3888888888888889,PSAM_27,Reversal,PSEM
761,40,0.3888888888888889,PSAM_27,Reversal,PSEM
762,41,0.3611111111111111,PSAM_27,Reversal,PSEM
763,42,0.2777777777777778,PSAM_27,Reversal,PSEM
764,43,0.16666666666666666,PSAM_27,Reversal,PSEM
765,44,0.16666666666666666,PSAM_27,Reversal,PSEM
766,45,0.2222222222222222,PSAM_27,Reversal,PSEM
767,46,0.3333333333333333,PSAM_27,Reversal,PSEM
768,47,0.3888888888888889,PSAM_27,Reversal,PSEM
769,48,0.3055555555555556,PSAM_27,Reversal,PSEM
770,49,0.3055555555555556,PSAM_27,Reversal,PSEM
